ticket,time,time_msc,time_update,time_update_msc,type,magic,identifier,reason,volume,price_open,sl,tp,price_current,swap,profit,symbol,comment,external_id
5213515102,2024-09-16 15:43:34,1726501414186,1726501414,1726501414186,1,0,5213515102,3,0.5,6591.011,6689.686,0.0,6593.096,0.0,-1.04,Volatility 10 Index,-15.905469894409,
5213524129,2024-09-16 15:53:46,1726502026197,1726502026,1726502026197,1,0,5213524129,3,0.5,6592.692,6689.686,0.0,6596.869,0.0,-2.09,Volatility 10 Index,-13.956900596618,
5213536372,2024-09-16 16:08:56,1726502936175,1726502936,1726502936175,0,0,5213536372,3,0.5,6596.939,6583.472,0.0,6594.78,0.0,-1.08,Volatility 10 Index,3.35814809799194,
5213546744,2024-09-16 16:24:18,1726503858185,1726503858,1726503858185,0,0,5213546744,3,0.5,6595.602,6583.472,0.0,6592.762,0.0,-1.42,Volatility 10 Index,1.29855000972747,
5213552348,2024-09-16 16:31:14,1726504274188,1726504274,1726504274188,1,0,5213552348,3,0.5,6593.089,6681.613,0.0,6591.077,0.0,1.01,Volatility 10 Index,-1.1786478757858,
5213559377,2024-09-16 16:40:22,1726504822184,1726504822,1726504822184,1,0,5213559377,3,0.5,6591.272,6681.613,0.0,6589.812,0.0,0.73,Volatility 10 Index,-1.9820501804351,
5213564607,2024-09-16 16:46:26,1726505186177,1726505186,1726505186177,1,0,5213564607,3,0.5,6589.589,6681.613,0.0,6589.533,0.0,0.03,Volatility 10 Index,-3.5105221271514,
5213571423,2024-09-16 16:55:38,1726505738176,1726505738,1726505738176,1,0,5213571423,3,0.5,6588.503,6681.613,0.0,6588.165,0.0,0.17,Volatility 10 Index,-3.9730505943298,
5213583997,2024-09-16 17:11:08,1726506668174,1726506668,1726506668174,1,0,5213583997,3,0.5,6587.817,6681.613,0.0,6587.686,0.0,0.07,Volatility 10 Index,-6.2127218246459,
5213593565,2024-09-16 17:21:26,1726507286192,1726507286,1726507286192,1,0,5213593565,3,0.5,6589.474,6681.613,0.0,6588.087,0.0,0.69,Volatility 10 Index,-5.6973309516906,
5213598438,2024-09-16 17:27:04,1726507624179,1726507624,1726507624179,1,0,5213598438,3,0.5,6588.18,6681.613,0.0,6589.72,0.0,-0.77,Volatility 10 Index,-3.9990096092224,
5213598438,2024-09-16 17:27:04,1726507624179,1726507624,1726507624179,1,0,5213598438,3,0.5,6588.18,6681.613,0.0,6591.125,0.0,-1.47,Volatility 10 Index,-3.9990096092224,
5213610002,2024-09-16 17:43:06,1726508586167,1726508586,1726508586167,1,0,5213610002,3,0.5,6590.423,6681.613,0.0,6595.632,0.0,-2.6,Volatility 10 Index,-2.3905563354492,
5213617068,2024-09-16 17:53:48,1726509228166,1726509228,1726509228166,0,0,5213617068,3,0.5,6595.838,6583.472,0.0,6594.433,0.0,-0.7,Volatility 10 Index,1.39359748363494,
5213617068,2024-09-16 17:53:48,1726509228166,1726509228,1726509228166,0,0,5213617068,3,0.5,6595.838,6583.472,0.0,6594.453,0.0,-0.69,Volatility 10 Index,1.39359748363494,
5213617068,2024-09-16 17:53:48,1726509228166,1726509228,1726509228166,0,0,5213617068,3,0.5,6595.838,6583.472,0.0,6595.246,0.0,-0.3,Volatility 10 Index,1.39359748363494,
5213638271,2024-09-16 18:24:28,1726511068178,1726511068,1726511068178,0,0,5213638271,3,0.5,6595.809,6583.472,0.0,6597.243,0.0,0.72,Volatility 10 Index,0.05107592046260,
5213652706,2024-09-16 18:45:50,1726512350218,1726512350,1726512350218,0,0,5213652706,3,0.5,6596.77,6583.472,0.0,6596.359,0.0,-0.21,Volatility 10 Index,3.81859183311462,
5213964564,2024-09-17 05:34:34,1726551274186,1726551274,1726551274186,0,0,5213964564,3,0.5,6596.052,6583.472,0.0,6595.463,0.0,-0.29,Volatility 10 Index,1.44348394870758,
5213969062,2024-09-17 05:44:04,1726551844186,1726551844,1726551844186,0,0,5213969062,3,0.5,6595.833,6568.27,0.0,6595.196,0.0,-0.32,Volatility 10 Index,2.82362484931945,
5213971890,2024-09-17 05:49:46,1726552186182,1726552186,1726552186182,0,0,5213971890,3,0.5,6595.63,6568.27,0.0,6594.314,0.0,-0.66,Volatility 10 Index,2.81009531021118,
5213976634,2024-09-17 05:59:16,1726552756171,1726552756,1726552756171,0,0,5213976634,3,0.5,6594.449,6568.27,0.0,6593.945,0.0,-0.25,Volatility 10 Index,1.94999372959136,
5213980040,2024-09-17 06:04:58,1726553098200,1726553098,1726553098200,0,0,5213980040,3,0.5,6593.656,6568.27,0.0,6593.342,0.0,-0.16,Volatility 10 Index,1.24700057506561,
5213985293,2024-09-17 06:14:28,1726553668175,1726553668,1726553668175,0,0,5213985293,3,0.5,6593.446,6568.27,0.0,6589.949,0.0,-1.75,Volatility 10 Index,1.08380830287933,
5213988625,2024-09-17 06:20:20,1726554020186,1726554020,1726554020186,1,0,5213988625,3,0.5,6589.863,6661.283,0.0,6592.425,0.0,-1.28,Volatility 10 Index,-2.1686921119689,
5213994831,2024-09-17 06:29:40,1726554580179,1726554580,1726554580179,1,0,5213994831,3,0.5,6592.534,6661.283,0.0,6596.409,0.0,-1.94,Volatility 10 Index,-0.2811627388000,
5214002874,2024-09-17 06:41:14,1726555274196,1726555274,1726555274196,0,0,5214002874,3,0.5,6595.948,6568.27,0.0,6593.913,0.0,-1.02,Volatility 10 Index,3.07839870452880,
5214009283,2024-09-17 06:50:32,1726555832187,1726555832,1726555832187,0,0,5214009283,3,0.5,6594.459,6568.27,0.0,6595.671,0.0,0.61,Volatility 10 Index,1.30299723148345,
5214012975,2024-09-17 06:56:32,1726556192193,1726556192,1726556192193,0,0,5214012975,3,0.5,6595.725,6568.27,0.0,6596.726,0.0,0.5,Volatility 10 Index,3.14017271995544,
5214019061,2024-09-17 07:05:46,1726556746193,1726556746,1726556746193,0,0,5214019061,3,0.5,6596.779,6568.27,0.0,6596.759,0.0,-0.01,Volatility 10 Index,4.04331159591674,
5214022868,2024-09-17 07:11:48,1726557108188,1726557108,1726557108188,0,0,5214022868,3,0.5,6596.894,6568.27,0.0,6597.575,0.0,0.34,Volatility 10 Index,4.20251607894897,
5214028663,2024-09-17 07:20:58,1726557658183,1726557658,1726557658183,0,0,5214028663,3,0.5,6598.028,6568.27,0.0,6598.075,0.0,0.02,Volatility 10 Index,4.80439043045043,
5214032015,2024-09-17 07:27:00,1726558020188,1726558020,1726558020188,0,0,5214032015,3,0.5,6597.997,6568.27,0.0,6603.632,0.0,2.82,Volatility 10 Index,5.56132221221923,
5214037311,2024-09-17 07:36:12,1726558572183,1726558572,1726558572183,0,0,5214037311,3,0.5,6603.776,6568.27,0.0,6603.558,0.0,-0.11,Volatility 10 Index,11.2596778869628,
5214040945,2024-09-17 07:42:14,1726558934172,1726558934,1726558934172,0,0,5214040945,3,0.5,6603.868,6568.27,0.0,6606.319,0.0,1.23,Volatility 10 Index,10.9225292205810,
5214046681,2024-09-17 07:51:26,1726559486185,1726559486,1726559486185,0,0,5214046681,3,0.5,6606.146,6568.27,0.0,6604.131,0.0,-1.01,Volatility 10 Index,13.3066139221191,
5214050856,2024-09-17 07:57:26,1726559846189,1726559846,1726559846189,0,0,5214050856,3,0.5,6603.769,6568.27,0.0,6606.472,0.0,1.35,Volatility 10 Index,11.5618124008178,
5214057117,2024-09-17 08:06:38,1726560398177,1726560398,1726560398177,0,0,5214057117,3,0.5,6606.679,6566.995,0.0,6606.291,0.0,-0.19,Volatility 10 Index,5.07979822158813,
5214061383,2024-09-17 08:12:42,1726560762173,1726560762,1726560762173,0,0,5214061383,3,0.5,6606.287,6566.995,0.0,6606.297,0.0,0.01,Volatility 10 Index,4.70378780364990,
5214067124,2024-09-17 08:21:50,1726561310184,1726561310,1726561310184,0,0,5214067124,3,0.5,6606.682,6566.995,0.0,6606.875,0.0,0.1,Volatility 10 Index,4.81012868881225,
5214192268,2024-09-17 11:16:06,1726571766171,1726571766,1726571766171,0,0,5214192268,3,0.5,6607.11,6566.995,0.0,6603.886,0.0,-1.6099999999999999,Volatility 10 Index,5.70026922225952,
5214199151,2024-09-17 11:25:16,1726572316173,1726572316,1726572316173,0,0,5214199151,3,0.5,6604.008,6566.995,0.0,6603.008,0.0,-0.5,Volatility 10 Index,2.42907834053039,
5214203583,2024-09-17 11:31:18,1726572678177,1726572678,1726572678177,0,0,5214203583,3,0.5,6603.246,6566.995,0.0,6606.685,0.0,1.72,Volatility 10 Index,1.65688621997833,
5214212449,2024-09-17 11:41:50,1726573310171,1726573310,1726573310171,0,0,5214212449,3,0.5,6606.45,6566.995,0.0,6608.522,0.0,1.04,Volatility 10 Index,3.66434431076049,
5214212449,2024-09-17 11:41:50,1726573310171,1726573310,1726573310171,0,0,5214212449,3,0.5,6606.45,6566.995,0.0,6609.587,0.0,1.5699999999999998,Volatility 10 Index,3.66434431076049,
 5214225703,2024-09-17 11:57:40,1726574260186,1726574260,1726574260186,0,0,5214225703,3,0.5,6609.603,6566.995,0.0,6611.419,0.0,0.91,Volatility 10 Index,7.65723371505737,
5214236944,2024-09-17 12:12:52,1726575172178,1726575172,1726575172178,0,0,5214236944,3,0.5,6611.617,6568.32,0.0,6612.431,0.0,0.41,Volatility 10 Index,3.41840791702270,
5214240780,2024-09-17 12:18:14,1726575494187,1726575494,1726575494187,0,0,5214240780,3,0.5,6612.757,6568.32,0.0,6612.61,0.0,-0.07,Volatility 10 Index,4.55224370956420,
5214249988,2024-09-17 12:28:04,1726576084184,1726576084,1726576084184,0,0,5214249988,3,0.5,6613.092,6568.32,0.0,6611.767,0.0,-0.66,Volatility 10 Index,4.78420448303222,
5214257693,2024-09-17 12:33:26,1726576406174,1726576406,1726576406174,0,0,5214257693,3,0.5,6612.173,6568.32,0.0,6616.167,0.0,2.0,Volatility 10 Index,3.71648573875427,
5214269228,2024-09-17 12:43:16,1726576996177,1726576996,1726576996177,0,0,5214269228,3,0.5,6616.755,6568.32,0.0,6615.282,0.0,-0.74,Volatility 10 Index,7.83062314987182,
5214273539,2024-09-17 12:48:38,1726577318174,1726577318,1726577318174,0,0,5214273539,3,0.5,6615.568,6568.32,0.0,6617.483,0.0,0.96,Volatility 10 Index,7.51944208145141,
5214280895,2024-09-17 12:58:28,1726577908177,1726577908,1726577908177,0,0,5214280895,3,0.5,6617.902,6568.32,0.0,6618.065,0.0,0.08,Volatility 10 Index,9.14827919006347,
5214285566,2024-09-17 13:03:48,1726578228197,1726578228,1726578228197,0,0,5214285566,3,0.5,6618.314,6568.32,0.0,6625.586,0.0,3.64,Volatility 10 Index,9.90551948547363,
5214293952,2024-09-17 13:13:40,1726578820176,1726578820,1726578820176,0,0,5214293952,3,0.5,6625.843,6568.32,0.0,6626.411,0.0,0.28,Volatility 10 Index,17.1600112915039,
5214297896,2024-09-17 13:19:02,1726579142182,1726579142,1726579142182,0,0,5214297896,3,0.5,6627.201,6568.32,0.0,6622.64,0.0,-2.2800000000000002,Volatility 10 Index,18.0767135620117,
5214305428,2024-09-17 13:28:52,1726579732188,1726579732,1726579732188,0,0,5214305428,3,0.5,6622.771,6568.32,0.0,6627.911,0.0,2.57,Volatility 10 Index,14.5087356567382,
5214310781,2024-09-17 13:34:14,1726580054192,1726580054,1726580054192,0,0,5214310781,3,0.5,6628.385,6568.32,0.0,6625.751,0.0,-1.32,Volatility 10 Index,19.3295841217041,
5214318716,2024-09-17 13:44:06,1726580646184,1726580646,1726580646184,0,0,5214318716,3,0.5,6625.363,6568.32,0.0,6625.532,0.0,0.08,Volatility 10 Index,17.2802295684814,
5214322984,2024-09-17 13:49:26,1726580966189,1726580966,1726580966189,0,0,5214322984,3,0.5,6625.036,6568.32,0.0,6624.586,0.0,-0.23,Volatility 10 Index,17.4615688323974,
5214331111,2024-09-17 13:59:18,1726581558191,1726581558,1726581558191,0,0,5214331111,3,0.5,6625.03,6568.32,0.0,6620.876,0.0,-2.08,Volatility 10 Index,16.0857276916503,
5214335349,2024-09-17 14:04:38,1726581878215,1726581878,1726581878215,0,0,5214335349,3,0.5,6620.975,6568.32,0.0,6626.69,0.0,2.86,Volatility 10 Index,12.4042568206787,
5214342593,2024-09-17 14:14:30,1726582470202,1726582470,1726582470202,0,0,5214342593,3,0.5,6626.933,6568.32,0.0,6628.595,0.0,0.83,Volatility 10 Index,18.3383407592773,
5214346679,2024-09-17 14:19:50,1726582790181,1726582790,1726582790181,0,0,5214346679,3,0.5,6628.622,6568.32,0.0,6627.88,0.0,-0.37,Volatility 10 Index,20.4938659667968,
5214354651,2024-09-17 14:29:42,1726583382201,1726583382,1726583382201,0,0,5214354651,3,0.5,6627.909,6568.32,0.0,6626.102,0.0,-0.9,Volatility 10 Index,19.3183898925781,
5214358707,2024-09-17 14:35:02,1726583702209,1726583702,1726583702209,0,0,5214358707,3,0.5,6626.831,6568.32,0.0,6627.388,0.0,0.28,Volatility 10 Index,17.5114898681640,
5214365422,2024-09-17 14:44:54,1726584294208,1726584294,1726584294208,0,0,5214365422,3,0.5,6627.551,6568.32,0.0,6628.325,0.0,0.39,Volatility 10 Index,18.5185432434082,
5214369811,2024-09-17 14:50:14,1726584614187,1726584614,1726584614187,0,0,5214369811,3,0.5,6628.085,6568.32,0.0,6625.461,0.0,-1.31,Volatility 10 Index,19.7150459289550,
5214378582,2024-09-17 15:00:06,1726585206195,1726585206,1726585206195,0,0,5214378582,3,0.5,6625.578,6568.32,0.0,6626.992,0.0,0.71,Volatility 10 Index,16.7146892547607,
5214383447,2024-09-17 15:05:24,1726585524176,1726585524,1726585524176,0,0,5214383447,3,0.5,6627.431,6568.32,0.0,6630.668,0.0,1.62,Volatility 10 Index,18.6793327331542,
5214390822,2024-09-17 15:15:18,1726586118174,1726586118,1726586118174,0,0,5214390822,3,0.5,6630.866,6568.32,0.0,6627.757,0.0,-1.55,Volatility 10 Index,21.7697048187255,
5214395089,2024-09-17 15:20:36,1726586436166,1726586436,1726586436166,0,0,5214395089,3,0.5,6627.82,6568.32,0.0,6627.351,0.0,-0.23,Volatility 10 Index,19.3417835235595,
5214403850,2024-09-17 15:30:30,1726587030180,1726587030,1726587030180,0,0,5214403850,3,0.5,6627.758,6568.32,0.0,6629.683,0.0,0.96,Volatility 10 Index,19.2400150299072,
5214408561,2024-09-17 15:35:46,1726587346191,1726587346,1726587346191,0,0,5214408561,3,0.5,6629.922,6568.32,0.0,6632.183,0.0,1.13,Volatility 10 Index,21.2790546417236,
5214416887,2024-09-17 15:46:20,1726587980182,1726587980,1726587980182,0,0,5214416887,3,0.5,6632.454,6568.32,0.0,6635.807,0.0,1.6800000000000002,Volatility 10 Index,22.8770065307617,
5214420317,2024-09-17 15:50:58,1726588258179,1726588258,1726588258179,0,0,5214420317,3,0.5,6635.85,6568.32,0.0,6637.848,0.0,1.0,Volatility 10 Index,26.5931892395019,
5214428200,2024-09-17 16:01:32,1726588892179,1726588892,1726588892179,0,0,5214428200,3,0.5,6637.567,6571.094,0.0,6636.894,0.0,-0.34,Volatility 10 Index,3.39422869682312,
5214431713,2024-09-17 16:06:14,1726589174190,1726589174,1726589174190,0,0,5214431713,3,0.5,6637.469,6571.094,0.0,6632.264,0.0,-2.6,Volatility 10 Index,2.46943950653076,
5214439884,2024-09-17 16:16:46,1726589806173,1726589806,1726589806173,1,0,5214439884,3,0.5,6632.298,6663.077,0.0,6632.264,0.0,0.02,Volatility 10 Index,-1.9311223030090,
5214442974,2024-09-17 16:21:28,1726590088177,1726590088,1726590088177,1,0,5214442974,3,0.5,6632.031,6663.077,0.0,6629.303,0.0,1.3599999999999999,Volatility 10 Index,-2.0332581996917,
5214450328,2024-09-17 16:31:58,1726590718185,1726590718,1726590718185,1,0,5214450328,3,0.5,6629.316,6663.077,0.0,6628.121,0.0,0.6,Volatility 10 Index,-5.0701255798339,
5214454044,2024-09-17 16:36:40,1726591000199,1726591000,1726591000199,1,0,5214454044,3,0.5,6628.248,6663.077,0.0,6631.986,0.0,-1.87,Volatility 10 Index,-6.2225346565246,
5214460852,2024-09-17 16:47:10,1726591630176,1726591630,1726591630176,1,0,5214460852,3,0.5,6631.446,6663.077,0.0,6630.863,0.0,0.29,Volatility 10 Index,-2.4738178253173,
5214464306,2024-09-17 16:51:52,1726591912178,1726591912,1726591912178,1,0,5214464306,3,0.5,6630.821,6663.077,0.0,6634.226,0.0,-1.7,Volatility 10 Index,-3.5145447254180,
5214473994,2024-09-17 17:02:22,1726592542185,1726592542,1726592542185,1,0,5214473994,3,0.5,6633.854,6663.077,0.0,6634.503,0.0,-0.32,Volatility 10 Index,-0.3957740068435,
5214477553,2024-09-17 17:07:04,1726592824164,1726592824,1726592824164,0,0,5214477553,3,0.5,6634.335,6571.094,0.0,6636.387,0.0,1.03,Volatility 10 Index,0.03588639199733,
5214485231,2024-09-17 17:17:34,1726593454182,1726593454,1726593454182,0,0,5214485231,3,0.5,6635.904,6571.094,0.0,6638.705,0.0,1.4,Volatility 10 Index,2.11379432678222,
5214488555,2024-09-17 17:22:22,1726593742179,1726593742,1726593742179,0,0,5214488555,3,0.5,6638.788,6571.094,0.0,6646.081,0.0,3.65,Volatility 10 Index,4.09155988693237,
5214496734,2024-09-17 17:32:46,1726594366177,1726594366,1726594366177,0,0,5214496734,3,0.5,6646.059,6571.094,0.0,6640.779,-0.09,-2.64,Volatility 10 Index,11.0762710571289,
5214969708,2024-09-18 08:39:22,1726648762175,1726648762,1726648762175,0,0,5214969708,3,0.5,6641.113,6571.094,0.0,6636.677,0.0,-2.22,Volatility 10 Index,10.9430780410766,
5214978778,2024-09-18 08:54:34,1726649674168,1726649674,1726649674168,0,0,5214978778,3,0.5,6636.63,6585.45,0.0,6634.992,0.0,-0.82,Volatility 10 Index,3.8062903881073,
5214988676,2024-09-18 09:09:46,1726650586184,1726650586,1726650586184,0,0,5214988676,3,0.5,6635.352,6585.45,0.0,6642.548,0.0,3.6,Volatility 10 Index,2.08365154266357,
5215020517,2024-09-18 09:57:48,1726653468172,1726653468,1726653468172,0,0,5215020517,3,0.5,6642.759,6585.45,0.0,6646.353,0.0,1.8,Volatility 10 Index,9.54409980773925,
5215032572,2024-09-18 10:13:02,1726654382189,1726654382,1726654382189,0,0,5215032572,3,0.5,6646.444,6585.45,0.0,6646.432,0.0,-0.01,Volatility 10 Index,13.2357511520385,
5215043883,2024-09-18 10:28:16,1726655296183,1726655296,1726655296183,0,0,5215043883,3,0.5,6646.45,6585.45,0.0,6653.242,0.0,3.4,Volatility 10 Index,13.2585773468017,
5215055330,2024-09-18 10:43:34,1726656214177,1726656214,1726656214177,0,0,5215055330,3,0.5,6653.277,6585.45,0.0,6653.991,0.0,0.36,Volatility 10 Index,20.9839305877685,
5215066807,2024-09-18 10:58:48,1726657128186,1726657128,1726657128186,0,0,5215066807,3,0.5,6654.234,6585.45,0.0,6657.042,0.0,1.4,Volatility 10 Index,20.8366279602050,
5215078745,2024-09-18 11:14:02,1726658042196,1726658042,1726658042196,0,0,5215078745,3,0.5,6657.516,6585.45,0.0,6650.539,0.0,-3.49,Volatility 10 Index,24.0099086761474,
5215089144,2024-09-18 11:29:18,1726658958182,1726658958,1726658958182,0,0,5215089144,3,0.5,6650.55,6585.45,0.0,6651.265,0.0,0.36,Volatility 10 Index,18.0932502746582,
5215099282,2024-09-18 11:44:32,1726659872170,1726659872,1726659872170,0,0,5215099282,3,0.5,6651.399,6585.45,0.0,6654.601,0.0,1.6,Volatility 10 Index,17.9992790222167,
5215110650,2024-09-18 11:59:46,1726660786184,1726660786,1726660786184,0,0,5215110650,3,0.5,6654.246,6585.45,0.0,6654.214,0.0,-0.02,Volatility 10 Index,21.6123180389404,
5215122430,2024-09-18 12:15:00,1726661700170,1726661700,1726661700170,0,0,5215122430,3,0.5,6653.576,6588.662,0.0,6657.178,0.0,1.8,Volatility 10 Index,0.58410382270812,
5215134129,2024-09-18 12:30:14,1726662614169,1726662614,1726662614169,0,0,5215134129,3,0.5,6657.515,6588.662,0.0,6651.299,0.0,-3.11,Volatility 10 Index,3.55434799194335,
5215160634,2024-09-18 13:01:38,1726664498205,1726664498,1726664498205,1,0,5215160634,3,0.5,6651.829,6679.2,0.0,6654.268,0.0,-1.22,Volatility 10 Index,-2.7223246097564,
5215173590,2024-09-18 13:17:44,1726665464169,1726665464,1726665464169,1,0,5215173590,3,0.5,6654.029,6679.2,0.0,6653.457,0.0,0.29,Volatility 10 Index,-1.6628681421279,
5215186592,2024-09-18 13:32:58,1726666378195,1726666378,1726666378195,1,0,5215186592,3,0.5,6653.517,6679.2,0.0,6658.19,0.0,-2.34,Volatility 10 Index,-0.1241694837808,
5215197723,2024-09-18 13:48:12,1726667292189,1726667292,1726667292189,0,0,5215197723,3,0.5,6658.187,6588.662,0.0,6669.39,0.0,5.6,Volatility 10 Index,3.93790054321289,
5215262929,2024-09-18 15:08:00,1726672080177,1726672080,1726672080177,0,0,5215262929,3,0.5,6669.736,6588.662,0.0,6670.072,0.0,0.17,Volatility 10 Index,15.1744089126586,
5215276120,2024-09-18 15:23:22,1726673002182,1726673002,1726673002182,0,0,5215276120,3,0.5,6670.893,6588.662,0.0,6674.692,0.0,1.9,Volatility 10 Index,16.6813850402832,
5215288145,2024-09-18 15:38:40,1726673920172,1726673920,1726673920172,0,0,5215288145,3,0.5,6674.831,6588.662,0.0,6676.344,0.0,0.76,Volatility 10 Index,20.4834499359130,
5215300263,2024-09-18 15:53:56,1726674836184,1726674836,1726674836184,0,0,5215300263,3,0.5,6676.328,6588.662,0.0,6678.594,0.0,1.13,Volatility 10 Index,22.1053924560546,
5215308076,2024-09-18 16:04:56,1726675496183,1726675496,1726675496183,0,0,5215308076,3,0.5,6679.167,6595.212,0.0,6679.033,0.0,-0.07,Volatility 10 Index,2.02416300773620,
5215310737,2024-09-18 16:09:12,1726675752178,1726675752,1726675752178,0,0,5215310737,3,0.5,6679.637,6595.212,0.0,6684.1,0.0,2.23,Volatility 10 Index,3.60587787628173,
5215319198,2024-09-18 16:20:12,1726676412168,1726676412,1726676412168,0,0,5215319198,3,0.5,6683.865,6595.212,0.0,6686.024,0.0,1.08,Volatility 10 Index,7.71894454956054,
5215322306,2024-09-18 16:24:28,1726676668196,1726676668,1726676668196,0,0,5215322306,3,0.5,6685.801,6595.212,0.0,6687.727,0.0,0.96,Volatility 10 Index,10.2016477584838,
5215330539,2024-09-18 16:35:26,1726677326178,1726677326,1726677326178,0,0,5215330539,3,0.5,6688.041,6595.212,0.0,6689.666,0.0,0.81,Volatility 10 Index,10.9236192703247,
5215333694,2024-09-18 16:39:56,1726677596185,1726677596,1726677596185,0,0,5215333694,3,0.5,6690.792,6595.212,0.0,6689.986,0.0,-0.4,Volatility 10 Index,14.1488885879516,
5215342240,2024-09-18 16:50:40,1726678240179,1726678240,1726678240179,0,0,5215342240,3,0.5,6690.239,6595.212,0.0,6691.15,0.0,0.46,Volatility 10 Index,13.4519453048706,
5215345319,2024-09-18 16:55:18,1726678518174,1726678518,1726678518174,0,0,5215345319,3,0.5,6690.909,6595.212,0.0,6692.637,0.0,0.86,Volatility 10 Index,15.7503700256347,
5215353456,2024-09-18 17:06:02,1726679162186,1726679162,1726679162186,0,0,5215353456,3,0.5,6693.079,6595.212,0.0,6689.849,0.0,-1.62,Volatility 10 Index,15.7033586502075,
5215357007,2024-09-18 17:10:34,1726679434185,1726679434,1726679434185,0,0,5215357007,3,0.5,6690.167,6595.212,0.0,6688.587,0.0,-0.79,Volatility 10 Index,13.7786512374877,
5215365870,2024-09-18 17:21:16,1726680076174,1726680076,1726680076174,0,0,5215365870,3,0.5,6689.193,6595.212,0.0,6691.594,0.0,1.2,Volatility 10 Index,12.0470380783081,
5215369341,2024-09-18 17:25:48,1726680348192,1726680348,1726680348192,0,0,5215369341,3,0.5,6691.466,6595.212,0.0,6692.439,0.0,0.49,Volatility 10 Index,15.6685152053833,
5215377460,2024-09-18 17:36:30,1726680990192,1726680990,1726680990192,0,0,5215377460,3,0.5,6693.006,6595.212,0.0,6693.062,0.0,0.03,Volatility 10 Index,15.8279600143432,
5215381333,2024-09-18 17:41:10,1726681270184,1726681270,1726681270184,0,0,5215381333,3,0.5,6693.267,6595.212,0.0,6689.249,0.0,-2.01,Volatility 10 Index,17.7833232879638,
5215391272,2024-09-18 17:51:48,1726681908186,1726681908,1726681908186,0,0,5215391272,3,0.5,6689.25,6595.212,0.0,6685.885,0.0,-1.6800000000000002,Volatility 10 Index,12.3977165222167,
5215395609,2024-09-18 17:56:26,1726682186172,1726682186,1726682186172,0,0,5215395609,3,0.5,6686.565,6595.212,0.0,6688.744,0.0,1.09,Volatility 10 Index,11.1308717727661,
5215413619,2024-09-18 18:07:02,1726682822205,1726682822,1726682822205,0,0,5215413619,3,0.5,6688.816,6595.212,0.0,6691.726,0.0,1.46,Volatility 10 Index,11.7139091491699,
5215419565,2024-09-18 18:11:52,1726683112183,1726683112,1726683112183,0,0,5215419565,3,0.5,6691.759,6595.212,0.0,6694.225,0.0,1.23,Volatility 10 Index,16.1289577484130,
5215431595,2024-09-18 18:22:16,1726683736172,1726683736,1726683736172,0,0,5215431595,3,0.5,6694.383,6595.212,0.0,6692.713,0.0,-0.84,Volatility 10 Index,17.2343158721923,
5215435880,2024-09-18 18:27:06,1726684026178,1726684026,1726684026178,0,0,5215435880,3,0.5,6692.647,6595.212,0.0,6690.19,0.0,-1.23,Volatility 10 Index,17.1567420959472,
5215446370,2024-09-18 18:37:32,1726684652187,1726684652,1726684652187,0,0,5215446370,3,0.5,6690.152,6595.212,0.0,6688.918,0.0,-0.62,Volatility 10 Index,13.4275903701782,
5215451600,2024-09-18 18:42:20,1726684940196,1726684940,1726684940196,0,0,5215451600,3,0.5,6689.024,6595.212,0.0,6689.875,0.0,0.43,Volatility 10 Index,13.1843595504760,
5215462518,2024-09-18 18:52:46,1726685566213,1726685566,1726685566213,0,0,5215462518,3,0.5,6690.56,6595.212,0.0,6689.074,0.0,-0.74,Volatility 10 Index,12.9457511901855,
5215466521,2024-09-18 18:57:34,1726685854210,1726685854,1726685854210,0,0,5215466521,3,0.5,6689.651,6595.212,0.0,6693.327,0.0,1.8399999999999999,Volatility 10 Index,13.7263164520263,
5216322885,2024-09-19 16:42:38,1726764158184,1726764158,1726764158184,1,0,5216322885,3,0.5,6698.65,6728.926,0.0,6695.034,0.0,1.81,Volatility 10 Index,-3.3382089138031,
5216333691,2024-09-19 16:57:48,1726765068171,1726765068,1726765068171,1,0,5216333691,3,0.5,6694.787,6728.926,0.0,6693.422,0.0,0.68,Volatility 10 Index,-7.7006559371948,
5216344682,2024-09-19 17:12:58,1726765978170,1726765978,1726765978170,1,0,5216344682,3,0.5,6693.514,6728.926,0.0,6696.321,0.0,-1.4,Volatility 10 Index,-9.0935440063476,
5216354904,2024-09-19 17:28:08,1726766888168,1726766888,1726766888168,1,0,5216354904,3,0.5,6696.568,6728.926,0.0,6689.79,0.0,3.39,Volatility 10 Index,-6.6229591369628,
5216366625,2024-09-19 17:43:20,1726767800175,1726767800,1726767800175,1,0,5216366625,3,0.5,6688.825,6728.926,0.0,6689.357,0.0,-0.27,Volatility 10 Index,-12.775220870971,
5216378499,2024-09-19 17:58:32,1726768712172,1726768712,1726768712172,1,0,5216378499,3,0.5,6689.088,6728.926,0.0,6693.376,0.0,-2.14,Volatility 10 Index,-13.087339401245,
5216389325,2024-09-19 18:13:44,1726769624173,1726769624,1726769624173,1,0,5216389325,3,0.5,6692.978,6728.926,0.0,6696.528,0.0,-1.78,Volatility 10 Index,-9.2406387329101,
5216396772,2024-09-19 18:23:42,1726770222167,1726770222,1726770222167,1,0,5216396772,3,0.5,6696.511,6728.926,0.0,6697.869,0.0,-0.68,Volatility 10 Index,-5.9214706420898,
5216400453,2024-09-19 18:28:56,1726770536188,1726770536,1726770536188,1,0,5216400453,3,0.5,6697.427,6728.926,0.0,6703.496,0.0,-3.03,Volatility 10 Index,-4.9015512466430,
5216407824,2024-09-19 18:38:54,1726771134182,1726771134,1726771134182,1,0,5216407824,3,0.5,6702.946,6728.926,0.0,6702.1,0.0,0.42,Volatility 10 Index,0.42263031005859,
5216411485,2024-09-19 18:44:08,1726771448167,1726771448,1726771448167,1,0,5216411485,3,0.5,6701.39,6728.926,0.0,6700.328,0.0,0.53,Volatility 10 Index,-0.6235380172729,
5216417502,2024-09-19 18:54:06,1726772046169,1726772046,1726772046169,1,0,5216417502,3,0.5,6700.125,6728.926,0.0,6695.294,0.0,2.42,Volatility 10 Index,-2.7511198520660,
5216436228,2024-09-19 19:21:48,1726773708178,1726773708,1726773708178,1,0,5216436228,3,0.5,6695.602,6728.926,0.0,6696.954,0.0,-0.68,Volatility 10 Index,-7.4266519546508,
5216443946,2024-09-19 19:32:12,1726774332186,1726774332,1726774332186,1,0,5216443946,3,0.5,6697.073,6728.926,0.0,6698.858,0.0,-0.89,Volatility 10 Index,-6.1546840667724,
5216447352,2024-09-19 19:37:00,1726774620188,1726774620,1726774620188,1,0,5216447352,3,0.5,6698.45,6728.926,0.0,6693.935,0.0,2.26,Volatility 10 Index,-3.7240076065063,
5216454774,2024-09-19 19:47:24,1726775244167,1726775244,1726775244167,1,0,5216454774,3,0.5,6694.029,6728.926,0.0,6692.805,0.0,0.61,Volatility 10 Index,-8.5604715347290,
5216457353,2024-09-19 19:52:12,1726775532188,1726775532,1726775532188,1,0,5216457353,3,0.5,6691.92,6728.926,0.0,6694.075,0.0,-1.08,Volatility 10 Index,-9.8076152801513,
5216464721,2024-09-19 20:02:38,1726776158177,1726776158,1726776158177,1,0,5216464721,3,0.5,6693.95,6728.926,0.0,6696.507,0.0,-1.28,Volatility 10 Index,-1.3711419105529,
5216468314,2024-09-19 20:07:24,1726776444178,1726776444,1726776444178,1,0,5216468314,3,0.5,6696.426,6730.031,0.0,6696.167,0.0,0.13,Volatility 10 Index,1.49853420257568,
5216474612,2024-09-19 20:17:50,1726777070168,1726777070,1726777070168,1,0,5216474612,3,0.5,6695.869,6728.926,0.0,6696.655,0.0,-0.39,Volatility 10 Index,0.92325508594512,
5216477829,2024-09-19 20:22:36,1726777356155,1726777356,1726777356155,1,0,5216477829,3,0.5,6696.185,6730.031,0.0,6693.165,0.0,1.51,Volatility 10 Index,1.36353015899658,
5216483809,2024-09-19 20:33:00,1726777980178,1726777980,1726777980178,1,0,5216483809,3,0.5,6692.887,6728.926,0.0,6689.054,0.0,1.92,Volatility 10 Index,-1.9753382205963,
5216487252,2024-09-19 20:37:46,1726778266177,1726778266,1726778266177,1,0,5216487252,3,0.5,6688.609,6730.031,0.0,6689.661,0.0,-0.53,Volatility 10 Index,-6.3974466323852,
5216493223,2024-09-19 20:48:10,1726778890159,1726778890,1726778890159,1,0,5216493223,3,0.5,6689.591,6730.031,0.0,6689.1,0.0,0.25,Volatility 10 Index,-5.5989179611206,
5216496167,2024-09-19 20:52:56,1726779176164,1726779176,1726779176164,1,0,5216496167,3,0.5,6689.053,6730.031,0.0,6686.246,-0.09,1.4,Volatility 10 Index,-6.2383890151977,
5216502391,2024-09-19 21:03:20,1726779800150,1726779800,1726779800150,1,0,5216502391,3,0.5,6685.972,6730.031,0.0,6687.997,0.0,-1.01,Volatility 10 Index,-8.7613134384155,
5216504803,2024-09-19 21:08:06,1726780086147,1726780086,1726780086147,1,0,5216504803,3,0.5,6687.583,6730.031,0.0,6682.57,0.0,2.51,Volatility 10 Index,-7.0552616119384,
5216509765,2024-09-19 21:18:30,1726780710185,1726780710,1726780710185,1,0,5216509765,3,0.5,6682.248,6730.031,0.0,6680.677,0.0,0.79,Volatility 10 Index,-12.401042938232,
5216798612,2024-09-20 07:33:38,1726817618204,1726817618,1726817618204,0,0,5216798612,3,0.5,6680.869,6638.302,0.0,6684.474,0.0,1.8,Volatility 10 Index,9.06813335418701,
5219714974,2024-09-23 16:52:50,1727110370193,1727110370,1727110370193,1,0,5219714974,3,0.5,6749.721,6756.745,2030.105,6746.891,0.0,1.42,Volatility 10 Index,-0.5835893154144,
5219722758,2024-09-23 17:04:04,1727111044198,1727111044,1727111044198,1,0,5219722758,3,0.5,6746.192,6770.304,2029.062,6747.033,0.0,-0.42,Volatility 10 Index,-0.5463141202926,
5219751684,2024-09-23 17:41:42,1727113302184,1727113302,1727113302184,1,0,5219751684,3,0.5,6745.267,6770.304,2029.062,6745.935,0.0,-0.33,Volatility 10 Index,-2.4050743579864,
5219753294,2024-09-23 17:44:00,1727113440183,1727113440,1727113440183,1,0,5219753294,3,0.5,6745.668,6755.692,2029.062,6742.595,0.0,1.54,Volatility 10 Index,-2.1497509479522,
5219769212,2024-09-23 18:04:22,1727114662191,1727114662,1727114662191,1,0,5219769212,3,0.5,6742.236,6766.824,2028.019,6739.38,0.0,1.43,Volatility 10 Index,-2.2279434204101,
5219773013,2024-09-23 18:08:22,1727114902193,1727114902,1727114902193,1,0,5219773013,3,0.5,6739.203,6766.824,2028.019,6741.766,0.0,-1.28,Volatility 10 Index,-4.8454971313476,
5219779231,2024-09-23 18:16:12,1727115372202,1727115372,1727115372202,1,0,5219779231,3,0.5,6741.792,6766.824,2028.019,6741.297,0.0,0.25,Volatility 10 Index,-2.9939830303192,
5219787917,2024-09-23 18:28:00,1727116080184,1727116080,1727116080184,1,0,5219787917,3,0.5,6740.92,6766.824,6672.612,6750.522,0.0,-4.8,Volatility 10 Index,-3.1906459331512,
5219802231,2024-09-23 18:46:44,1727117204177,1727117204,1727117204177,0,0,5219802231,3,0.5,6754.216,6753.303,11492.108,6754.006,0.0,-0.11,Volatility 10 Index,8.68945789337158,
5219804489,2024-09-23 18:49:34,1727117374169,1727117374,1727117374169,0,0,5219804489,0,0.5,6752.459,6736.122,6794.985,6750.397,0.0,-1.03,Volatility 10 Index,,
5219821961,2024-09-23 19:16:48,1727119008190,1727119008,1727119008190,1,0,5219821961,3,0.5,6750.019,6765.682,2027.677,6753.076,0.0,-1.53,Volatility 10 Index,-1.6509798765182,
5219830814,2024-09-23 19:28:36,1727119716188,1727119716,1727119716188,1,0,5219830814,3,0.5,6750.288,6765.682,2027.677,6746.517,0.0,1.8900000000000001,Volatility 10 Index,-1.2344466447830,
5220252362,2024-09-24 09:34:14,1727170454211,1727170454,1727170454211,0,0,5220252362,3,0.5,6736.672,6726.69,11446.82,6735.839,0.0,-0.42,Volatility 10 Index,3.28098034858703,
5220253409,2024-09-24 09:35:56,1727170556188,1727170556,1727170556188,0,0,5220253409,3,0.5,6735.864,6723.357,11441.148,6735.471,0.0,-0.2,Volatility 10 Index,3.27004313468933,
5220254905,2024-09-24 09:38:30,1727170710181,1727170710,1727170710181,0,0,5220254905,3,0.5,6736.144,6723.357,6774.073,6733.537,0.0,-1.3,Volatility 10 Index,1.51681077480316,
5220254905,2024-09-24 09:38:30,1727170710181,1727170710,1727170710181,0,0,5220254905,3,0.5,6736.144,6723.357,6774.073,6733.144,0.0,-1.5,Volatility 10 Index,1.51681077480316,
5220284982,2024-09-24 10:18:58,1727173138179,1727173138,1727173138179,1,0,5220284982,3,0.5,6733.346,6738.061,2019.399,6731.878,0.0,0.73,Volatility 10 Index,-4.1698360443115,
5220290944,2024-09-24 10:26:52,1727173612189,1727173612,1727173612189,1,0,5220290944,3,0.5,6731.589,6738.061,6712.263,6735.902,0.0,-2.16,Volatility 10 Index,-5.3089065551757,
5220508487,2024-09-24 14:59:16,1727189956185,1727189956,1727189956185,1,0,5220508487,3,0.5,6724.03,6737.459,6683.613,6722.268,0.0,0.88,Volatility 10 Index,-9.4482908248901,
5220834038,2024-09-24 23:31:16,1727220676177,1727220676,1727220676177,0,0,5220834038,3,0.5,6744.139,6721.624,6775.451,6755.319,0.0,5.59,Volatility 10 Index,14.2204990386962,
5221208529,2024-09-25 11:54:00,1727265240191,1727265240,1727265240191,0,0,5221208529,3,0.5,6763.336,6770.28,6789.671,6774.638,0.0,5.65,Volatility 10 Index,7.61545801162719,
5227485865,2024-10-03 10:18:54,1727950734188,1727950734,1727950734188,1,0,5227485865,3,0.5,6694.355,6714.655,6664.32,6692.389,0.0,0.98,Volatility 10 Index,-7.4158334732055,
5227500717,2024-10-03 10:45:12,1727952312196,1727952312,1727952312196,1,0,5227500717,3,0.5,6692.177,6703.191,6663.742,6685.678,0.0,3.25,Volatility 10 Index,-9.5321636199951,
5227674765,2024-10-03 14:44:56,1727966696197,1727966696,1727966696197,1,0,5227674765,3,0.5,6685.176,6700.225,6636.605,6686.602,0.0,-0.71,Volatility 10 Index,-2.0501477718353,
5227675423,2024-10-03 14:45:42,1727966742196,1727966742,1727966742196,1,0,5227675423,3,0.5,6686.352,6700.225,6636.605,6684.074,0.0,1.1400000000000001,Volatility 10 Index,-0.2276511788368,
5227685840,2024-10-03 15:00:54,1727967654198,1727967654,1727967654198,0,0,5227685840,0,0.5,6689.579,0.0,0.0,6689.89,0.0,0.16,Volatility 10 Index,,
5227688466,2024-10-03 15:03:56,1727967836194,1727967836,1727967836194,0,0,5227688466,3,0.5,6692.963,6685.776,6755.763,6690.395,0.0,-1.28,Volatility 10 Index,3.73028373718261,
5227716848,2024-10-03 15:45:08,1727970308172,1727970308,1727970308172,1,0,5227716848,3,0.5,6685.28,6698.851,6635.244,6685.152,0.0,0.06,Volatility 10 Index,-2.1617588996887,
5227717868,2024-10-03 15:46:08,1727970368203,1727970368,1727970368203,1,0,5227717868,3,0.5,6684.756,6702.199,6628.548,6684.316,0.0,0.22,Volatility 10 Index,-2.9172503948211,
5227727738,2024-10-03 15:58:26,1727971106219,1727971106,1727971106219,1,0,5227727738,3,0.5,6686.16,6698.851,6635.244,6685.11,0.0,0.53,Volatility 10 Index,-1.7995988130569,
5227747380,2024-10-03 16:27:12,1727972832198,1727972832,1727972832198,1,0,5227747380,3,0.5,6679.833,6696.772,6633.185,6679.839,0.0,-0.0,Volatility 10 Index,-2.9452607631683,
5227764298,2024-10-03 16:50:18,1727974218208,1727974218,1727974218208,1,0,5227764298,3,0.5,6679.67,6694.764,6633.185,6679.732,0.0,-0.03,Volatility 10 Index,-3.7619438171386,
5227770191,2024-10-03 16:59:28,1727974768181,1727974768,1727974768181,1,0,5227770191,3,0.5,6679.099,6694.764,6633.185,6682.538,0.0,-1.72,Volatility 10 Index,-3.2518570423126,
5228536616,2024-10-04 15:26:28,1728055588204,1728055588,1728055588204,1,0,5228536616,0,0.5,6632.387,6640.434,0.0,6628.505,0.0,1.94,Volatility 10 Index,,
5228550849,2024-10-04 15:44:46,1728056686195,1728056686,1728056686195,1,0,5228550849,0,0.5,6630.695,6623.729,0.0,6620.896,0.0,4.9,Volatility 10 Index,,
5229449762,2024-10-05 22:17:44,1728166664116,1728166664,1728166664116,1,0,5229449762,3,0.5,6639.508,6637.328,6579.816,6632.23,0.0,3.64,Volatility 10 Index,-7.0724611282348,
5235311992,2024-10-13 13:53:06,1728827586122,1728827586,1728827586122,0,0,5235311992,0,0.5,6595.388,6589.058,0.0,6595.242,0.0,-0.07,Volatility 10 Index,,
5239962684,2024-10-19 11:26:38,1729337198109,1729337198,1729337198109,1,0,5239962684,3,0.5,6540.121,6596.965,6505.067,6539.933,0.0,0.09,Volatility 10 Index,-8.5025720596313,
5239965152,2024-10-19 11:31:50,1729337510120,1729337510,1729337510120,1,0,5239965152,3,0.5,6539.959,6596.965,6505.067,6541.811,0.0,-0.93,Volatility 10 Index,-8.1147680282592,
5239966195,2024-10-19 11:33:50,1729337630111,1729337630,1729337630111,1,0,5239966195,3,0.5,6541.682,6538.134,6505.067,6536.138,0.0,2.77,Volatility 10 Index,-7.8294410705566,
5240753078,2024-10-20 15:18:08,1729437488128,1729437488,1729437488128,0,0,5240753078,3,0.5,6506.76,6473.587,6564.672,6512.488,0.0,2.86,Volatility 10 Index,7.94021129608154,
5240847440,2024-10-20 17:47:04,1729446424123,1729446424,1729446424123,1,0,5240847440,0,0.5,6497.94,0.0,0.0,6497.315,0.0,0.31,Volatility 10 Index,,
5240876481,2024-10-20 18:36:46,1729449406121,1729449406,1729449406121,0,0,5240876481,3,0.5,6493.89,6471.929,6562.992,6493.133,0.0,-0.38,Volatility 10 Index,1.44170761108398,
5240887693,2024-10-20 18:59:22,1729450762132,1729450762,1729450762132,0,0,5240887693,3,0.5,6497.959,6471.929,6562.992,6498.646,0.0,0.34,Volatility 10 Index,5.37310886383056,
5241183061,2024-10-21 06:54:38,1729493678179,1729493678,1729493678179,0,0,5241183061,3,0.5,6489.72,6450.869,6541.635,6485.888,0.0,-1.92,Volatility 10 Index,12.6438179016113,
